{
    "appInfo": {
        "cloudService": {
            "api": "api.gizwits.com:80",
            "site": "site.gizwits.com:80"
        },
        "gizwitsInfo": {
            "appId": "76295080ab8e4f16bd71b24719ab87b2",
            "appSecret": "2e2f60227193426e8707c7a630a61bc0"
        },
        "productInfo": [{
                        "productKey": "21bc90d8f2004a65b213b6a653e357f1",
                        "productSecret": "3b5f2f0f54c84399ae2acc489c491ab0"
                        }],
        "tencentInfo": {
            "appId": "your_tencent_app_id"
        },
        "weChatInfo": {
            "appId": "your_wechat_app_id",
            "appSecret": "your_wechat_app_secret"
        },
        "pushInfo": {
            "jpushAppKey": "your_jpush_app_key",
            "bpushAppKey": "your_bpush_app_key"
        }
    },
    "templateSelect": {
        "deviceList": {
            "unbindDevice": true,
            "displayMac": true
        }
    },
    "functionConfig": {
        "bindDevice_qrcode": true,
        "deviceOnboarding": {
            "config_softap": true,
            "config_airlink": true,
            "wifiModuleType": []
        },
        "login_anonymous": true,
        "login_qq": false,
        "login_weChat": false,
        "register_phoneUser": true,
        "resetPassword_phoneUser": true,
        "personalCenter_changePassword": true,
        "push_baidu": false,
        "push_jiguang": false
    },
    "viewConfig": {
        "viewColor": {
            "background": "FBDA51",
            "contrast": "333333"
        },
        "statusBarStyle": "default"
    }
}